dosya	git_durumu	eklenen_satir	silinen_satir	karsilastirma
.dockerignore	A	15	0	8cc37ee..6144162
.github/workflows/cari-ci.yml	A	109	0	8cc37ee..6144162
.gitignore	A	27	0	8cc37ee..6144162
README.md	M	82	1	8cc37ee..6144162
apps/cari_custom/README.md	A	9	0	8cc37ee..6144162
apps/cari_custom/cari_custom/__init__.py	A	1	0	8cc37ee..6144162
apps/cari_custom/cari_custom/api.py	A	154	0	8cc37ee..6144162
apps/cari_custom/cari_custom/bootstrap.py	A	362	0	8cc37ee..6144162
apps/cari_custom/cari_custom/business_operations.py	A	316	0	8cc37ee..6144162
apps/cari_custom/cari_custom/cari_custom/__init__.py	A	0	0	8cc37ee..6144162
apps/cari_custom/cari_custom/cari_custom/doctype/__init__.py	A	0	0	8cc37ee..6144162
apps/cari_custom/cari_custom/cari_custom/doctype/cari_instrument_reference/__init__.py	A	0	0	8cc37ee..6144162
apps/cari_custom/cari_custom/cari_custom/doctype/cari_instrument_reference/cari_instrument_reference.json	A	28	0	8cc37ee..6144162
apps/cari_custom/cari_custom/cari_custom/doctype/cari_instrument_reference/cari_instrument_reference.py	A	5	0	8cc37ee..6144162
apps/cari_custom/cari_custom/cari_custom/doctype/cari_payment_instrument/__init__.py	A	0	0	8cc37ee..6144162
apps/cari_custom/cari_custom/cari_custom/doctype/cari_payment_instrument/cari_payment_instrument.json	A	169	0	8cc37ee..6144162
apps/cari_custom/cari_custom/cari_custom/doctype/cari_payment_instrument/cari_payment_instrument.py	A	1	0	8cc37ee..6144162
apps/cari_custom/cari_custom/cari_custom/doctype/cari_reminder_log/__init__.py	A	0	0	8cc37ee..6144162
apps/cari_custom/cari_custom/cari_custom/doctype/cari_reminder_log/cari_reminder_log.json	A	62	0	8cc37ee..6144162
apps/cari_custom/cari_custom/cari_custom/doctype/cari_reminder_log/cari_reminder_log.py	A	5	0	8cc37ee..6144162
apps/cari_custom/cari_custom/cari_custom/doctype/cari_scope_customer/__init__.py	A	0	0	8cc37ee..6144162
apps/cari_custom/cari_custom/cari_custom/doctype/cari_scope_customer/cari_scope_customer.json	A	30	0	8cc37ee..6144162
apps/cari_custom/cari_custom/cari_custom/doctype/cari_scope_customer/cari_scope_customer.py	A	5	0	8cc37ee..6144162
apps/cari_custom/cari_custom/cari_custom/doctype/cari_scope_warehouse/__init__.py	A	0	0	8cc37ee..6144162
apps/cari_custom/cari_custom/cari_custom/doctype/cari_scope_warehouse/cari_scope_warehouse.json	A	30	0	8cc37ee..6144162
apps/cari_custom/cari_custom/cari_custom/doctype/cari_scope_warehouse/cari_scope_warehouse.py	A	5	0	8cc37ee..6144162
apps/cari_custom/cari_custom/cari_custom/doctype/cari_security_event/__init__.py	A	0	0	8cc37ee..6144162
apps/cari_custom/cari_custom/cari_custom/doctype/cari_security_event/cari_security_event.json	A	67	0	8cc37ee..6144162
apps/cari_custom/cari_custom/cari_custom/doctype/cari_security_event/cari_security_event.py	A	11	0	8cc37ee..6144162
apps/cari_custom/cari_custom/cari_custom/doctype/cari_service_record/__init__.py	A	0	0	8cc37ee..6144162
apps/cari_custom/cari_custom/cari_custom/doctype/cari_service_record/cari_service_record.json	A	144	0	8cc37ee..6144162
apps/cari_custom/cari_custom/cari_custom/doctype/cari_service_record/cari_service_record.py	A	1	0	8cc37ee..6144162
apps/cari_custom/cari_custom/cari_custom/doctype/cari_settings/__init__.py	A	0	0	8cc37ee..6144162
apps/cari_custom/cari_custom/cari_custom/doctype/cari_settings/cari_settings.json	A	120	0	8cc37ee..6144162
apps/cari_custom/cari_custom/cari_custom/doctype/cari_settings/cari_settings.py	A	1	0	8cc37ee..6144162
apps/cari_custom/cari_custom/cari_custom/doctype/cari_shipment/__init__.py	A	0	0	8cc37ee..6144162
apps/cari_custom/cari_custom/cari_custom/doctype/cari_shipment/cari_shipment.json	A	145	0	8cc37ee..6144162
apps/cari_custom/cari_custom/cari_custom/doctype/cari_shipment/cari_shipment.py	A	1	0	8cc37ee..6144162
apps/cari_custom/cari_custom/cari_custom/doctype/cari_user_scope/__init__.py	A	0	0	8cc37ee..6144162
apps/cari_custom/cari_custom/cari_custom/doctype/cari_user_scope/cari_user_scope.json	A	89	0	8cc37ee..6144162
apps/cari_custom/cari_custom/cari_custom/doctype/cari_user_scope/cari_user_scope.py	A	1	0	8cc37ee..6144162
apps/cari_custom/cari_custom/cari_custom/doctype/daily_assignment/__init__.py	A	0	0	8cc37ee..6144162
apps/cari_custom/cari_custom/cari_custom/doctype/daily_assignment/daily_assignment.json	A	166	0	8cc37ee..6144162
apps/cari_custom/cari_custom/cari_custom/doctype/daily_assignment/daily_assignment.py	A	1	0	8cc37ee..6144162
apps/cari_custom/cari_custom/cari_custom/doctype/stock_assignment/__init__.py	A	0	0	8cc37ee..6144162
apps/cari_custom/cari_custom/cari_custom/doctype/stock_assignment/stock_assignment.json	A	199	0	8cc37ee..6144162
apps/cari_custom/cari_custom/cari_custom/doctype/stock_assignment/stock_assignment.py	A	1	0	8cc37ee..6144162
apps/cari_custom/cari_custom/cari_custom/doctype/stock_assignment_return/__init__.py	A	0	0	8cc37ee..6144162
apps/cari_custom/cari_custom/cari_custom/doctype/stock_assignment_return/stock_assignment_return.json	A	121	0	8cc37ee..6144162
apps/cari_custom/cari_custom/cari_custom/doctype/stock_assignment_return/stock_assignment_return.py	A	1	0	8cc37ee..6144162
apps/cari_custom/cari_custom/cari_custom/page/cari_merkez/__init__.py	A	0	0	8cc37ee..6144162
apps/cari_custom/cari_custom/cari_custom/page/cari_merkez/cari_merkez.js	A	62	0	8cc37ee..6144162
apps/cari_custom/cari_custom/cari_custom/page/cari_merkez/cari_merkez.json	A	10	0	8cc37ee..6144162
apps/cari_custom/cari_custom/compat_patches.py	A	91	0	8cc37ee..6144162
apps/cari_custom/cari_custom/delivery.py	A	76	0	8cc37ee..6144162
apps/cari_custom/cari_custom/field_operations.py	A	454	0	8cc37ee..6144162
apps/cari_custom/cari_custom/fixtures/custom_fields.json	A	20	0	8cc37ee..6144162
apps/cari_custom/cari_custom/hooks.py	A	82	0	8cc37ee..6144162
apps/cari_custom/cari_custom/modules.txt	A	1	0	8cc37ee..6144162
apps/cari_custom/cari_custom/notifications.py	A	91	0	8cc37ee..6144162
apps/cari_custom/cari_custom/patches.txt	A	0	0	8cc37ee..6144162
apps/cari_custom/cari_custom/permission_queries.py	A	117	0	8cc37ee..6144162
apps/cari_custom/cari_custom/portal.py	A	227	0	8cc37ee..6144162
apps/cari_custom/cari_custom/postgres_queries.py	A	458	0	8cc37ee..6144162
apps/cari_custom/cari_custom/public/js/operations.js	A	27	0	8cc37ee..6144162
apps/cari_custom/cari_custom/public/js/portal.js	A	54	0	8cc37ee..6144162
apps/cari_custom/cari_custom/rules.py	A	150	0	8cc37ee..6144162
apps/cari_custom/cari_custom/sample_data.py	A	527	0	8cc37ee..6144162
apps/cari_custom/cari_custom/sample_validation.py	A	292	0	8cc37ee..6144162
apps/cari_custom/cari_custom/security.py	A	486	0	8cc37ee..6144162
apps/cari_custom/cari_custom/setup_turkey.py	A	353	0	8cc37ee..6144162
apps/cari_custom/cari_custom/tests/__init__.py	A	0	0	8cc37ee..6144162
apps/cari_custom/cari_custom/tests/test_business.py	A	117	0	8cc37ee..6144162
apps/cari_custom/cari_custom/tests/test_delivery.py	A	252	0	8cc37ee..6144162
apps/cari_custom/cari_custom/tests/test_faz15.py	A	320	0	8cc37ee..6144162
apps/cari_custom/cari_custom/user_management.py	A	140	0	8cc37ee..6144162
apps/cari_custom/cari_custom/www/cari-portal.html	A	15	0	8cc37ee..6144162
apps/cari_custom/cari_custom/www/cari-portal.py	A	3	0	8cc37ee..6144162
apps/cari_custom/license.txt	A	674	0	8cc37ee..6144162
apps/cari_custom/pyproject.toml	A	28	0	8cc37ee..6144162
apps/uyumsoft_integration/README.md	A	12	0	8cc37ee..6144162
apps/uyumsoft_integration/license.txt	A	21	0	8cc37ee..6144162
apps/uyumsoft_integration/pyproject.toml	A	18	0	8cc37ee..6144162
apps/uyumsoft_integration/uyumsoft_integration/__init__.py	A	1	0	8cc37ee..6144162
apps/uyumsoft_integration/uyumsoft_integration/hooks.py	A	23	0	8cc37ee..6144162
apps/uyumsoft_integration/uyumsoft_integration/modules.txt	A	1	0	8cc37ee..6144162
apps/uyumsoft_integration/uyumsoft_integration/patches.txt	A	0	0	8cc37ee..6144162
apps/uyumsoft_integration/uyumsoft_integration/uyumsoft/__init__.py	A	0	0	8cc37ee..6144162
apps/uyumsoft_integration/uyumsoft_integration/uyumsoft/connector.py	A	25	0	8cc37ee..6144162
apps/uyumsoft_integration/uyumsoft_integration/uyumsoft/sync.py	A	51	0	8cc37ee..6144162
apps/uyumsoft_integration/uyumsoft_integration/uyumsoft/ubltr.py	A	15	0	8cc37ee..6144162
apps/uyumsoft_integration/uyumsoft_integration/uyumsoft_integration/__init__.py	A	0	0	8cc37ee..6144162
apps/uyumsoft_integration/uyumsoft_integration/uyumsoft_integration/doctype/__init__.py	A	0	0	8cc37ee..6144162
apps/uyumsoft_integration/uyumsoft_integration/uyumsoft_integration/doctype/uyumsoft_settings/__init__.py	A	0	0	8cc37ee..6144162
apps/uyumsoft_integration/uyumsoft_integration/uyumsoft_integration/doctype/uyumsoft_settings/uyumsoft_settings.json	A	31	0	8cc37ee..6144162
apps/uyumsoft_integration/uyumsoft_integration/uyumsoft_integration/doctype/uyumsoft_settings/uyumsoft_settings.py	A	12	0	8cc37ee..6144162
apps/uyumsoft_integration/uyumsoft_integration/uyumsoft_integration/doctype/uyumsoft_transfer_log/__init__.py	A	0	0	8cc37ee..6144162
apps/uyumsoft_integration/uyumsoft_integration/uyumsoft_integration/doctype/uyumsoft_transfer_log/uyumsoft_transfer_log.json	A	29	0	8cc37ee..6144162
apps/uyumsoft_integration/uyumsoft_integration/uyumsoft_integration/doctype/uyumsoft_transfer_log/uyumsoft_transfer_log.py	A	5	0	8cc37ee..6144162
deploy/.env.example	A	15	0	8cc37ee..6144162
deploy/Caddyfile	A	12	0	8cc37ee..6144162
deploy/Dockerfile	A	14	0	8cc37ee..6144162
deploy/backup.sh	A	9	0	8cc37ee..6144162
deploy/compose.yml	A	122	0	8cc37ee..6144162
deploy/create-site.sh	A	27	0	8cc37ee..6144162
deploy/mariadb.cnf	A	4	0	8cc37ee..6144162
deploy/production-inputs.example.json	A	46	0	8cc37ee..6144162
deploy/runtime-probe.sh	A	30	0	8cc37ee..6144162
docs/anahtar-teslim-plani.md	A	110	0	8cc37ee..6144162
docs/cozum-secenekleri-karsilastirmasi.md	A	113	0	8cc37ee..6144162
docs/erpnext-hazir-cozum-degerlendirmesi.md	A	104	0	8cc37ee..6144162
docs/erpnext-kapsam-mimari-kurumsal-uygunluk.md	A	97	0	8cc37ee..6144162
docs/erpnext-kurulum-rehberi.md	A	140	0	8cc37ee..6144162
docs/faz-1-5-test-sonuclari.md	A	166	0	8cc37ee..6144162
docs/hosting-uygunluk-kontrolu.md	A	82	0	8cc37ee..6144162
docs/kapsam-analizi.md	A	154	0	8cc37ee..6144162
docs/lisans-envanteri.md	A	22	0	8cc37ee..6144162
docs/php-hosting-uyum-plani.md	A	59	0	8cc37ee..6144162
docs/teslim-durumu.json	A	285	0	8cc37ee..6144162
docs/uretim-isletim-kilavuzu.md	A	83	0	8cc37ee..6144162
pytest.ini	A	3	0	8cc37ee..6144162
scripts/ci_annotation.py	A	18	0	8cc37ee..6144162
scripts/deployment_preflight.py	A	90	0	8cc37ee..6144162
scripts/run_delivery_tests.py	A	53	0	8cc37ee..6144162
scripts/run_faz15_tests.py	A	50	0	8cc37ee..6144162
tests/conftest.py	A	6	0	8cc37ee..6144162
tests/unit/test_deployment.py	A	53	0	8cc37ee..6144162
tests/unit/test_rules.py	A	84	0	8cc37ee..6144162
tests/unit/test_schema.py	A	22	0	8cc37ee..6144162
