dosya	tur	gorev	semboller_ve_sema	route_rpc
.dockerignore	Config/Text	Üretim image build context exclusions; sır/runtime/büyük yerel dosyalar dışarıda.	—	—
.github/workflows/cari-ci.yml	YAML	Pinned actions; pure Python + taze MariaDB/Redis Frappe/ERPNext site ve DB kabulü.	—	—
.gitignore	Config/Text	Bench, env, Node, DB/backup/artifacts ve sırların Git dışında tutulması.	—	—
README.md	Markdown	Güncel Python local yönü, kaynak dalı, devir belge indeksi ve NO-GO.	—	—
apps/cari_custom/README.md	Markdown	Uygulama amaçları, kurulumu, modül kapsamı ve açık bağımlılıkları.	—	—
apps/cari_custom/cari_custom/__init__.py	Python	Python package/module marker ve app version.	—	—
apps/cari_custom/cari_custom/api.py	Python	Scope'lu dashboard, miktar-stock API/CSV, managed-user listesi.	context(); quantity_stock(); dashboard(); export_quantity_stock(); managed_users()	/api/method/cari_custom.api.quantity_stock; /api/method/cari_custom.api.dashboard; /api/method/cari_custom.api.export_quantity_stock; /api/method/cari_custom.api.managed_users
apps/cari_custom/cari_custom/bootstrap.py	Python	Idempotent custom field/property/role/profile/permlevel install/migrate bootstrap.	_permission(); _property(); _fields(); _roles(); _permissions(); _protected_fields(); _legacy_metadata(); run(); setup_defaults()	—
apps/cari_custom/cari_custom/business_operations.py	Python	PaymentInstrument/shipment/service sınıfları; gerçek tahsilat ve lifecycle guards.	_locked(); _finance(); _guard_update(); CariPaymentInstrument; CariPaymentInstrument.validate(); CariPaymentInstrument.before_update_after_submit(); CariPaymentInstrument.before_submit(); CariPaymentInstrument.deposit(); CariPaymentInstrument.collect(); CariPaymentInstrument.reject(); CariPaymentInstrument.before_cancel(); CariPaymentInstrument.on_cancel(); CariShipment; CariShipment.validate(); CariShipment.before_update_after_submit(); CariShipment.before_submit(); CariShipment.dispatch(); CariShipment.deliver(); CariShipment.before_cancel(); CariShipment.on_cancel(); CariServiceRecord; CariServiceRecord.validate(); CariServiceRecord.before_update_after_submit(); CariServiceRecord.before_submit(); CariServiceRecord.begin(); CariServiceRecord.complete(); CariServiceRecord.before_cancel(); CariServiceRecord.on_cancel()	—
apps/cari_custom/cari_custom/cari_custom/__init__.py	Python	Python package/module marker (boş olabilir).	—	—
apps/cari_custom/cari_custom/cari_custom/doctype/__init__.py	Python	Python package/module marker (boş olabilir).	—	—
apps/cari_custom/cari_custom/cari_custom/doctype/cari_instrument_reference/__init__.py	Python	Python package/module marker (boş olabilir).	—	—
apps/cari_custom/cari_custom/cari_custom/doctype/cari_instrument_reference/cari_instrument_reference.json	Frappe DocType schema	Çek/senet fatura-tahsis child satırı.	Cari Instrument Reference; fields=2; child=True; single=False; submittable=False; roles=	—
apps/cari_custom/cari_custom/cari_custom/doctype/cari_instrument_reference/cari_instrument_reference.py	Frappe controller	Çek/senet fatura-tahsis child satırı. JSON controller class/export.	Document; CariInstrumentReference	—
apps/cari_custom/cari_custom/cari_custom/doctype/cari_payment_instrument/__init__.py	Python	Python package/module marker (boş olabilir).	—	—
apps/cari_custom/cari_custom/cari_custom/doctype/cari_payment_instrument/cari_payment_instrument.json	Frappe DocType schema	Çek/senet alınma/bankada/tahsil ve gerçek PE bağları.	Cari Payment Instrument; fields=15; child=False; single=False; submittable=True; roles=System Manager,Cari Muhasebe,Cari Yönetici	—
apps/cari_custom/cari_custom/cari_custom/doctype/cari_payment_instrument/cari_payment_instrument.py	Frappe controller	Çek/senet alınma/bankada/tahsil ve gerçek PE bağları. JSON controller class/export.	CariPaymentInstrument	—
apps/cari_custom/cari_custom/cari_custom/doctype/cari_reminder_log/__init__.py	Python	Python package/module marker (boş olabilir).	—	—
apps/cari_custom/cari_custom/cari_custom/doctype/cari_reminder_log/cari_reminder_log.json	Frappe DocType schema	Reminder dedup/queue kaydı; SMTP teslim edildi demek değil.	Cari Reminder Log; fields=6; child=False; single=False; submittable=False; roles=System Manager	—
apps/cari_custom/cari_custom/cari_custom/doctype/cari_reminder_log/cari_reminder_log.py	Frappe controller	Reminder dedup/queue kaydı; SMTP teslim edildi demek değil. JSON controller class/export.	Document; CariReminderLog	—
apps/cari_custom/cari_custom/cari_custom/doctype/cari_scope_customer/__init__.py	Python	Python package/module marker (boş olabilir).	—	—
apps/cari_custom/cari_custom/cari_custom/doctype/cari_scope_customer/cari_scope_customer.json	Frappe DocType schema	İzinli müşteri scope child satırı.	Cari Scope Customer; fields=1; child=True; single=False; submittable=False; roles=	—
apps/cari_custom/cari_custom/cari_custom/doctype/cari_scope_customer/cari_scope_customer.py	Frappe controller	İzinli müşteri scope child satırı. JSON controller class/export.	Document; CariScopeCustomer	—
apps/cari_custom/cari_custom/cari_custom/doctype/cari_scope_warehouse/__init__.py	Python	Python package/module marker (boş olabilir).	—	—
apps/cari_custom/cari_custom/cari_custom/doctype/cari_scope_warehouse/cari_scope_warehouse.json	Frappe DocType schema	İzinli depo scope child satırı.	Cari Scope Warehouse; fields=1; child=True; single=False; submittable=False; roles=	—
apps/cari_custom/cari_custom/cari_custom/doctype/cari_scope_warehouse/cari_scope_warehouse.py	Frappe controller	İzinli depo scope child satırı. JSON controller class/export.	Document; CariScopeWarehouse	—
apps/cari_custom/cari_custom/cari_custom/doctype/cari_security_event/__init__.py	Python	Python package/module marker (boş olabilir).	—	—
apps/cari_custom/cari_custom/cari_custom/doctype/cari_security_event/cari_security_event.json	Frappe DocType schema	Append-only audit/security kullanıcı/olay verisi.	Cari Security Event; fields=5; child=False; single=False; submittable=False; roles=System Manager	—
apps/cari_custom/cari_custom/cari_custom/doctype/cari_security_event/cari_security_event.py	Frappe controller	Append-only audit/security kullanıcı/olay verisi. JSON controller class/export.	Document; CariSecurityEvent; CariSecurityEvent.validate(); CariSecurityEvent.on_trash()	—
apps/cari_custom/cari_custom/cari_custom/doctype/cari_service_record/__init__.py	Python	Python package/module marker (boş olabilir).	—	—
apps/cari_custom/cari_custom/cari_custom/doctype/cari_service_record/cari_service_record.json	Frappe DocType schema	Müşteri/ürün/seri/garanti/servis işleme lifecycle.	Cari Service Record; fields=12; child=False; single=False; submittable=True; roles=System Manager,Cari Yönetici,Cari Servis	—
apps/cari_custom/cari_custom/cari_custom/doctype/cari_service_record/cari_service_record.py	Frappe controller	Müşteri/ürün/seri/garanti/servis işleme lifecycle. JSON controller class/export.	CariServiceRecord	—
apps/cari_custom/cari_custom/cari_custom/doctype/cari_settings/__init__.py	Python	Python package/module marker (boş olabilir).	—	—
apps/cari_custom/cari_custom/cari_custom/doctype/cari_settings/cari_settings.json	Frappe DocType schema	Single portal/e-posta/demo şirket ayarı ve production proof reference gates.	Cari Settings; fields=13; child=False; single=True; submittable=False; roles=System Manager	—
apps/cari_custom/cari_custom/cari_custom/doctype/cari_settings/cari_settings.py	Frappe controller	Single portal/e-posta/demo şirket ayarı ve production proof reference gates. JSON controller class/export.	CariSettings	—
apps/cari_custom/cari_custom/cari_custom/doctype/cari_shipment/__init__.py	Python	Python package/module marker (boş olabilir).	—	—
apps/cari_custom/cari_custom/cari_custom/doctype/cari_shipment/cari_shipment.json	Frappe DocType schema	Delivery Note şirket/kargo/takip/dispatch/deliver ve proof lifecycle.	Cari Shipment; fields=12; child=False; single=False; submittable=True; roles=System Manager,Cari Yönetici,Depo Personeli	—
apps/cari_custom/cari_custom/cari_custom/doctype/cari_shipment/cari_shipment.py	Frappe controller	Delivery Note şirket/kargo/takip/dispatch/deliver ve proof lifecycle. JSON controller class/export.	CariShipment	—
apps/cari_custom/cari_custom/cari_custom/doctype/cari_user_scope/__init__.py	Python	Python package/module marker (boş olabilir).	—	—
apps/cari_custom/cari_custom/cari_custom/doctype/cari_user_scope/cari_user_scope.json	Frappe DocType schema	Kullanıcı persona/şirket/employee + izinli müşteri/depo child scope.	Cari User Scope; fields=8; child=False; single=False; submittable=False; roles=System Manager	—
apps/cari_custom/cari_custom/cari_custom/doctype/cari_user_scope/cari_user_scope.py	Frappe controller	Kullanıcı persona/şirket/employee + izinli müşteri/depo child scope. JSON controller class/export.	CariUserScope	—
apps/cari_custom/cari_custom/cari_custom/doctype/daily_assignment/__init__.py	Python	Python package/module marker (boş olabilir).	—	—
apps/cari_custom/cari_custom/cari_custom/doctype/daily_assignment/daily_assignment.json	Frappe DocType schema	Personel/araç/zaman planı, çakışma ve start/finish durum kontrolü.	Daily Assignment; fields=14; child=False; single=False; submittable=True; roles=System Manager,Cari Yönetici,Depo Personeli,Saha Personeli	—
apps/cari_custom/cari_custom/cari_custom/doctype/daily_assignment/daily_assignment.py	Frappe controller	Personel/araç/zaman planı, çakışma ve start/finish durum kontrolü. JSON controller class/export.	DailyAssignment	—
apps/cari_custom/cari_custom/cari_custom/doctype/stock_assignment/__init__.py	Python	Python package/module marker (boş olabilir).	—	—
apps/cari_custom/cari_custom/cari_custom/doctype/stock_assignment/stock_assignment.json	Frappe DocType schema	Personel/depo/ürün tahsisi, miktar, gerçek transfer ve net satış/iade/kalan.	Stock Assignment; fields=18; child=False; single=False; submittable=True; roles=System Manager,Cari Yönetici,Depo Personeli,Saha Personeli	—
apps/cari_custom/cari_custom/cari_custom/doctype/stock_assignment/stock_assignment.py	Frappe controller	Personel/depo/ürün tahsisi, miktar, gerçek transfer ve net satış/iade/kalan. JSON controller class/export.	StockAssignment	—
apps/cari_custom/cari_custom/cari_custom/doctype/stock_assignment_return/__init__.py	Python	Python package/module marker (boş olabilir).	—	—
apps/cari_custom/cari_custom/cari_custom/doctype/stock_assignment_return/stock_assignment_return.json	Frappe DocType schema	Kısmi/tam zimmet iadesi; gerçek ters transfer ve iptal kontrolü.	Stock Assignment Return; fields=9; child=False; single=False; submittable=True; roles=System Manager,Depo Personeli,Cari Yönetici	—
apps/cari_custom/cari_custom/cari_custom/doctype/stock_assignment_return/stock_assignment_return.py	Frappe controller	Kısmi/tam zimmet iadesi; gerçek ters transfer ve iptal kontrolü. JSON controller class/export.	StockAssignmentReturn	—
apps/cari_custom/cari_custom/cari_custom/page/cari_merkez/__init__.py	Python	Python package/module marker (boş olabilir).	—	—
apps/cari_custom/cari_custom/cari_custom/page/cari_merkez/cari_merkez.js	JavaScript	Cari İş Merkezi Desk page tanımı/JS: persona miktar/finans özet ve quick links.	—	/app/cari-merkez
apps/cari_custom/cari_custom/cari_custom/page/cari_merkez/cari_merkez.json	JSON	Cari İş Merkezi Desk page tanımı/JS: persona miktar/finans özet ve quick links.	—	/app/cari-merkez
apps/cari_custom/cari_custom/compat_patches.py	Python	v15 dar stock/PG adaptör kurulumu; DB-aware wrapper/alias korunumu.	_postgres_site(); _wrap(); install()	—
apps/cari_custom/cari_custom/delivery.py	Python	CariSettings doğrulama ve üretim readiness NO-GO kanıt kapısı.	CariSettings; CariSettings.validate(); readiness()	/api/method/cari_custom.delivery.readiness
apps/cari_custom/cari_custom/field_operations.py	Python	Zimmet/return/görev class; gerçek Stock Entry transfer ve net satış/iptal guards.	lock_assignment(); totals(); recompute(); _check_warehouse(); _transfer(); StockAssignment; StockAssignment.validate(); StockAssignment.before_update_after_submit(); StockAssignment.before_submit(); StockAssignment.on_submit(); StockAssignment.before_cancel(); StockAssignment.on_cancel(); StockAssignmentReturn; StockAssignmentReturn.validate(); StockAssignmentReturn.before_update_after_submit(); StockAssignmentReturn.before_submit(); StockAssignmentReturn.on_submit(); StockAssignmentReturn.before_cancel(); StockAssignmentReturn.on_cancel(); before_stock_entry_cancel(); validate_sale(); after_sale(); DailyAssignment; DailyAssignment.validate(); DailyAssignment.before_update_after_submit(); DailyAssignment.before_submit(); DailyAssignment.interval(); DailyAssignment.start(); DailyAssignment.finish(); DailyAssignment._transition(); DailyAssignment.before_cancel(); DailyAssignment.on_cancel()	—
apps/cari_custom/cari_custom/fixtures/custom_fields.json	JSON	Delivery Note kargo firma/takip alanları fixture.	—	—
apps/cari_custom/cari_custom/hooks.py	Python	Frappe install/request/job/doc/query/scheduler ve JS/fixtures bağları.	—	—
apps/cari_custom/cari_custom/modules.txt	Text	Frappe module isimleri (DocType discovery için).	—	—
apps/cari_custom/cari_custom/notifications.py	Python	SMTP gate; scope'lu vade/görev dedup kuyruğu; gerçek teslim kanıtı değil.	_enabled(); _queue(); daily()	—
apps/cari_custom/cari_custom/patches.txt	Text	Frappe versioned migration patch listesi (şimdilik boş/iskelet).	—	—
apps/cari_custom/cari_custom/permission_queries.py	Python	Şirket/müşteri/depo/personel scope'lu DocType list SQL koşulları.	company(); customer(); supplier(); vehicle(); employee(); item_price(); address(); contact(); quotation(); stock_assignment(); stock_assignment_return(); daily_assignment(); warehouse(); stock_entry(); stock_ledger_entry(); sales_order(); sales_invoice(); delivery_note(); purchase_order(); purchase_receipt(); purchase_invoice(); payment_entry(); gl_entry(); cari_payment_instrument(); cari_shipment(); cari_service_record(); warranty_claim(); item(); account()	—
apps/cari_custom/cari_custom/portal.py	Python	Katalog, fiyat, UUID idempotent draft Sales Order, own records; gate/scope/rate limit.	settings_for_catalog(); portal_context(); price_for(); catalog(); place_order(); my_records()	/api/method/cari_custom.portal.catalog; /api/method/cari_custom.portal.place_order; /api/method/cari_custom.portal.my_records
apps/cari_custom/cari_custom/postgres_queries.py	Python	9 PG sorgu adaptörü + iki DB kronolojik SLE önceki hareket sorgusu.	get_inventory_dimensions(); get_item_wise_returned_qty(); set_landed_cost_voucher_amount(); get_reserved_qty(); get_sre_reserved_warehouses_for_voucher(); query_for_outstanding(); get_negative_outstanding_invoices(); get_orders_to_be_billed(); get_matched_payment_request_of_references(); get_previous_sle_of_current_voucher()	—
apps/cari_custom/cari_custom/public/js/operations.js	JavaScript	Desk zimmet/görev/sevkiyat/servis whitelist edilmiş form aksiyonları.	—	—
apps/cari_custom/cari_custom/public/js/portal.js	JavaScript	WWW katalog arama/sepet/order/own records JS; istemci fiyat göndermez.	—	/cari-portal
apps/cari_custom/cari_custom/rules.py	Python	Frappe bağımsız Decimal stok/tahsilat/geçiş/aralık/scope ve cost redaction kuralları.	RuleViolation; quantity(); positive_quantity(); assignment_balance(); task_transition(); intervals_overlap(); redact_costs(); Scope; Scope.permits_company(); Scope.permits_customer(); Scope.permits_warehouse(); Scope.permits_employee()	—
apps/cari_custom/cari_custom/sample_data.py	Python	Developer-only idempotent demo manifest/master/PR/transfer/quote/SO/DN/SI/PE.	_require_demo(); _manifest_path(); load_manifest(); _save_manifest(); tax_template(); _ensure_reference_data(); _create_items(); _create_parties(); _create_employees_and_vehicle(); _same_items(); _submitted(); _timestamp(); _stock_receipt(); _field_stock_and_assignment(); _daily_assignment(); _sales_flow(); _complete_demo_setup(); run()	—
apps/cari_custom/cari_custom/sample_validation.py	Python	Demo muhasebe/stok/vergi/PLE/bakiye/scope/idempotency cross-check verifier.	DemoValidationError; _money(); verify()	—
apps/cari_custom/cari_custom/security.py	Python	Scope/direct-doc/list/share/query/RPC/response/File guards ve append-only audit.	is_system_manager(); is_managed(); get_scope(); _customer_in_company(); record_allowed(); assert_scope(); has_permission(); validate_document(); _in(); query_condition(); internal_transition(); require_operations_manager(); audit(); CariUserScope; CariUserScope.validate(); CariUserScope.on_update(); before_request(); after_request(); install_query_guard()	—
apps/cari_custom/cari_custom/setup_turkey.py	Python	Cari A.Ş./TRY/ülke/KDV/generic hesap/master/rol/demo Notification setup.	_exists(); _ensure_warehouse_types(); _ensure_root_groups(); _create_company(); _vat_account(); _setup_taxes(); _setup_master_data(); _setup_roles(); _grant_permissions(); _setup_notifications(); _setup_system_defaults(); run()	—
apps/cari_custom/cari_custom/tests/__init__.py	Python	Python package/module marker (boş olabilir).	—	—
apps/cari_custom/cari_custom/tests/test_business.py	Python	Çek/senet/servis/sevkiyat/portal/delivery-gate gerçek DB regresyonu.	BusinessTests; BusinessTests.setUp(); BusinessTests.tearDown(); BusinessTests.test_cheque_is_not_bank_money_until_collection_and_is_idempotent(); BusinessTests.test_shipment_status_and_carrier_metadata(); BusinessTests.test_service_history_requires_result_and_valid_state(); BusinessTests.test_portal_uses_server_price_and_no_automatic_stock_or_financial_posting(); BusinessTests.test_quantity_dashboard_has_no_financial_payload_for_depot()	—
apps/cari_custom/cari_custom/tests/test_delivery.py	Python	Identity/scope/share/cost/onboarding/field-operation gerçek DB regresyonu.	DeliveryTests; DeliveryTests.setUp(); DeliveryTests.tearDown(); DeliveryTests.actor(); DeliveryTests.user(); DeliveryTests.loan(); DeliveryTests.return_loan(); DeliveryTests.qty(); DeliveryTests.test_loan_approval_creates_one_real_transfer(); DeliveryTests.test_partial_full_return_and_cancellation(); DeliveryTests.test_return_cannot_exceed_current_remaining(); DeliveryTests.test_linked_stock_entry_cannot_be_cancelled_outside_loan(); DeliveryTests.test_saha_list_direct_id_and_share_isolation(); DeliveryTests.test_missing_scope_returns_no_records(); DeliveryTests.test_customer_empty_scope_does_not_mean_all(); DeliveryTests.test_depot_cannot_read_cost_or_create_financial_document(); DeliveryTests.test_depot_can_approve_controlled_loan_without_cost_permissions(); DeliveryTests.task(); DeliveryTests.test_task_conflict_and_valid_adjacent_interval(); DeliveryTests.test_task_start_finish_and_arbitrary_update_is_rejected(); DeliveryTests.test_user_creation_is_disabled_until_secure_invitation(); DeliveryTests.test_user_manager_cannot_grant_elevated_profiles()	—
apps/cari_custom/cari_custom/tests/test_faz15.py	Python	13 temel gerçek DB validasyon/stock/money/assignment regresyonu.	amount(); Faz15Tests; Faz15Tests.setUp(); Faz15Tests.tearDown(); Faz15Tests._counts(); Faz15Tests._insert_submit(); Faz15Tests._invoice_chain(); Faz15Tests._payment(); Faz15Tests._outstanding(); Faz15Tests.test_persisted_demo_acceptance(); Faz15Tests.test_seed_idempotency_no_duplicate_documents_or_ledgers(); Faz15Tests.test_demo_requires_explicit_opt_in(); Faz15Tests.test_demo_refuses_production_mode(); Faz15Tests.test_stock_assignment_quantity_and_date_validation(); Faz15Tests.test_daily_assignment_datetime_validation(); Faz15Tests.test_standard_mappers_and_partial_then_full_collection(); Faz15Tests.test_overallocation_is_rejected(); Faz15Tests.test_insufficient_stock_is_rejected(); Faz15Tests.test_landed_cost_sums_all_cost_centers(); Faz15Tests.test_stock_history_uses_creation_only_for_equal_posting_time(); Faz15Tests.test_permission_rules_preserve_manager_access_and_field_creation(); Faz15Tests.test_adapters_are_site_scoped_and_idempotent()	—
apps/cari_custom/cari_custom/user_management.py	Python	Admin-only pasif kullanıcı/profil/scope, SMTP daveti ve deactivate/session clear.	_authorize(); provision_user(); invite_user(); deactivate_user()	/api/method/cari_custom.user_management.provision_user; /api/method/cari_custom.user_management.invite_user; /api/method/cari_custom.user_management.deactivate_user
apps/cari_custom/cari_custom/www/cari-portal.html	HTML/Jinja	Frappe WWW portal HTML/Jinja veya page context; katalog/sepet/müşteri kayıtları.	—	/cari-portal
apps/cari_custom/cari_custom/www/cari-portal.py	Python	Frappe WWW portal HTML/Jinja veya page context; katalog/sepet/müşteri kayıtları.	get_context()	/cari-portal
apps/cari_custom/license.txt	Text	GPL-3.0 lisans metni.	—	—
apps/cari_custom/pyproject.toml	TOML	Flit/Python app metadata; Frappe >=15,<16 ve lisans; Ruff config.	—	—
apps/uyumsoft_integration/README.md	Markdown	Uygulama amaçları, kurulumu, modül kapsamı ve açık bağımlılıkları.	—	—
apps/uyumsoft_integration/license.txt	Text	MIT lisans metni.	—	—
apps/uyumsoft_integration/pyproject.toml	TOML	Flit/Python app metadata; Frappe >=15,<16 ve lisans.	—	—
apps/uyumsoft_integration/uyumsoft_integration/__init__.py	Python	Python package/module marker ve app version.	—	—
apps/uyumsoft_integration/uyumsoft_integration/hooks.py	Python	Invoice submit/cancel event ve 15dk worker kuyruğu bağları; kapalı gate.	—	—
apps/uyumsoft_integration/uyumsoft_integration/modules.txt	Text	Frappe module isimleri (DocType discovery için).	—	—
apps/uyumsoft_integration/uyumsoft_integration/patches.txt	Text	Frappe versioned migration patch listesi (şimdilik boş/iskelet).	—	—
apps/uyumsoft_integration/uyumsoft_integration/uyumsoft/__init__.py	Python	Python package/module marker (boş olabilir).	—	—
apps/uyumsoft_integration/uyumsoft_integration/uyumsoft/connector.py	Python	Taslak sağlayıcı connector; test/send NotImplementedError.	UyumsoftConnector; UyumsoftConnector.__init__(); UyumsoftConnector.test_connection(); UyumsoftConnector.send_payload()	—
apps/uyumsoft_integration/uyumsoft_integration/uyumsoft/sync.py	Python	Active settings kontrolü, doc hash/log enqueue ve processing count; send yok.	_enqueue(); sync_on_invoice_submit(); sync_on_invoice_cancel(); sync_on_item_update(); sync_on_customer_update(); process_pending_transfers()	—
apps/uyumsoft_integration/uyumsoft_integration/uyumsoft/ubltr.py	Python	UBL-TR eşleme taslağı; NotImplementedError.	invoice_to_ubltr()	—
apps/uyumsoft_integration/uyumsoft_integration/uyumsoft_integration/__init__.py	Python	Python package/module marker (boş olabilir).	—	—
apps/uyumsoft_integration/uyumsoft_integration/uyumsoft_integration/doctype/__init__.py	Python	Python package/module marker (boş olabilir).	—	—
apps/uyumsoft_integration/uyumsoft_integration/uyumsoft_integration/doctype/uyumsoft_settings/__init__.py	Python	Python package/module marker (boş olabilir).	—	—
apps/uyumsoft_integration/uyumsoft_integration/uyumsoft_integration/doctype/uyumsoft_settings/uyumsoft_settings.json	Frappe DocType schema	Single kapalı sağlayıcı ürün/sürüm/auth/settings iskeleti.	Uyumsoft Settings; fields=10; child=False; single=True; submittable=False; roles=System Manager,Accounts Manager	—
apps/uyumsoft_integration/uyumsoft_integration/uyumsoft_integration/doctype/uyumsoft_settings/uyumsoft_settings.py	Frappe controller	Single kapalı sağlayıcı ürün/sürüm/auth/settings iskeleti. JSON controller class/export.	Document; UyumsoftSettings; UyumsoftSettings.validate()	—
apps/uyumsoft_integration/uyumsoft_integration/uyumsoft_integration/doctype/uyumsoft_transfer_log/__init__.py	Python	Python package/module marker (boş olabilir).	—	—
apps/uyumsoft_integration/uyumsoft_integration/uyumsoft_integration/doctype/uyumsoft_transfer_log/uyumsoft_transfer_log.json	Frappe DocType schema	Kaynak belge/hash/durum/payload aktarım log şeması; canlı gönderim yok.	Uyumsoft Transfer Log; fields=7; child=False; single=False; submittable=False; roles=System Manager,Accounts Manager,Accounts User	—
apps/uyumsoft_integration/uyumsoft_integration/uyumsoft_integration/doctype/uyumsoft_transfer_log/uyumsoft_transfer_log.py	Frappe controller	Kaynak belge/hash/durum/payload aktarım log şeması; canlı gönderim yok. JSON controller class/export.	Document; UyumsoftTransferLog	—
deploy/.env.example	Config/Text	Boş üretim secrets ve güvenli placeholder env örneği; gerçek sır yok.	—	—
deploy/Caddyfile	Config/Text	Aday HTTPS reverse proxy/ACME ve güvenlik başlıkları.	—	—
deploy/Dockerfile	Config/Text	Pinned ERPNext candidate custom-app image build; bu oturumda build edilmedi.	—	—
deploy/backup.sh	Bash	Explicit bench backup + restore gereken encryption-key capture; restic operatör şartları.	—	—
deploy/compose.yml	YAML	Aday frontend/backend/worker/scheduler/socketio/Redis/MariaDB/Caddy servis ağı.	—	—
deploy/create-site.sh	Bash	Operatörün explicit one-shot site/app kurulumu; default açık admin yok.	—	—
deploy/mariadb.cnf	MariaDB config	utf8mb4 MariaDB server/client config örneği.	—	—
deploy/production-inputs.example.json	JSON	Secret-free şirket/sağlayıcı/hosting intake; bildirimler doğrulama değildir.	—	—
deploy/runtime-probe.sh	Bash	Read-only SSH operatör runtime/port/tool envanteri; uzaktan kurulum yapmaz.	—	—
docs/anahtar-teslim-plani.md	Markdown	T0–T9, 18 modül kabulü; bütün faz onayı ve dış kapılar.	—	—
docs/cozum-secenekleri-karsilastirmasi.md	Markdown	Tarihî sıfırdan / ERPNext / WP ERP kıyası.	—	—
docs/devir/degisen-dosyalar.tsv	TSV	Initial→source snapshot tam A/M satır farkı envanteri.	—	—
docs/devir/dosya-agaci.txt	Text	Teslim kaynak dosyalarının tam ağacı; runtime/secrets yok.	—	—
docs/devir/dosya-envanteri.tsv	TSV	Teslimdeki her dosyanın görev/tür/sembol/şema/endpoint envanteri.	—	—
docs/devir/git-commit-dokumu.md	Markdown	Kaynak6144162 sınırında her commit ve gerçek dosya diff dökümü.	—	—
docs/devir/local-python-kurulum.md	Markdown	Windows saf Python; WSL/Linux bench/DB/Redis/app/seed/test/IDE rehberi.	—	—
docs/devir/operasyon-ve-kapsam-raporu.md	Markdown	Ana devir raporu: 18 modül, operasyonlar, gerçek durum, kanıt/eksikler.	—	—
docs/erpnext-hazir-cozum-degerlendirmesi.md	Markdown	ERPNext fit/gap ve Türkiye/Uyumsoft değerlendirmesi.	—	—
docs/erpnext-kapsam-mimari-kurumsal-uygunluk.md	Markdown	Ek kurumsal mimari/gap/lisans doğrulama notları.	—	—
docs/erpnext-kurulum-rehberi.md	Markdown	Tarihî sandbox PG kurulum/workaround; normal local önerisi değil.	—	—
docs/faz-1-5-test-sonuclari.md	Markdown	Tarihî demo belge IDs, GL/SLE/Bin/PLE ve idempotency sonuçları.	—	—
docs/hosting-uygunluk-kontrolu.md	Markdown	Kullanıcının PHP cloud/SSH ekran kanıtı ve salt-okunur transport sınırları.	—	—
docs/kapsam-analizi.md	Markdown	8 Ekim şartnamesinden 18 modül, kurallar/bağımlılık/veri/faz analizi.	—	—
docs/lisans-envanteri.md	Markdown	ERPNext/Frappe/custom lisansları ve açık SBOM/dağıtım incelemesi.	—	—
docs/php-hosting-uyum-plani.md	Markdown	Tarihî uygulanmamış PHP/Dolibarr ön değerlendirme; local Python ile ertelendi.	—	—
docs/teslim-durumu.json	JSON	NO-GO, 18 final_acceptance=false, dış girdiler, CI/hosting ve local tercih.	—	—
docs/uretim-isletim-kilavuzu.md	Markdown	Aday production build/deploy/backup/migration; açık proof kapıları.	—	—
pytest.ini	INI	Saf test keşfi yalnız tests/unit; Frappe DB testleri ayrı runner.	—	—
scripts/ci_annotation.py	Python	CI hata özeti; secret redaction, GitHub Checks annotation.	—	—
scripts/deployment_preflight.py	Python	Üretim hedef/secret/runtime/girdi kapısı; PHP cloud uyumsuzluğu.	check_environment(); main()	—
scripts/run_delivery_tests.py	Python	Bağlı demo site; identity/field/business test runner, guard ve rollback.	main()	—
scripts/run_faz15_tests.py	Python	Bağlı demo site; 201 verifier + 13 temel regresyon; JSON evidence.	main()	—
tests/conftest.py	Python	Çerçevesiz Python modül arama yolu.	—	—
tests/unit/test_deployment.py	Python	Deploy YAML/role/runtime hedefi ve config güvenlik kontrolleri.	test_example_environment_is_not_production_ready(); test_preflight_redacts_all_password_values(); test_only_reverse_proxy_exposes_ports_and_application_has_egress(); test_php_cloud_ssh_does_not_make_docker_target_compatible()	—
tests/unit/test_rules.py	Python	Decimal miktar/tahsilat/zimmet/geçiş/scope/redaction saf testleri.	test_invalid_quantity_is_rejected(); test_assignment_partial_return_sale_and_balance(); test_fractional_quantity_keeps_precision(); test_task_valid_transitions(); test_task_invalid_transitions(); test_half_open_intervals(); test_scope_is_deny_by_default(); test_redaction_keeps_sales_price_but_removes_cost()	—
tests/unit/test_schema.py	Python	Her DocType için field_order/controller export AST binding.	test_doctype_has_exported_controller_and_complete_field_order()	—
